﻿sample,site,lat,long,pop_all,pop_all_quality,pop_select,notes,notes_1,notes_2
NSW1048827,S2178_2018-06-19,-30.886186,153.075725,Arakoon,Arakoon,Arakoon,,,
NSW1027525,S2178_2018-06-19,-30.886363,153.075758,Arakoon,Arakoon,Arakoon,,,
NSW1048823,S2178_2018-06-19,-30.886182,153.075719,Arakoon,Arakoon,Arakoon,,,
NSW1048824,S2178_2018-06-19,-30.886448,153.07573,Arakoon,Arakoon,Arakoon,,,
NSW1048828,S2178_2018-06-19,-30.886525,153.075859,Arakoon,Arakoon,Arakoon,,,
NSW1048826,S2178_2018-06-19,-30.886277,153.07561,Arakoon,Arakoon,Arakoon,,,
NSW1006873,S46_2015-11-11,-34.325441,150.475397,Bargo_SCA,Bargo_SCA,Bargo_SCA,Re_sampled,,
NSW1006798,S46_2015-11-11,-34.325318,150.475527,Bargo_SCA,Bargo_SCA,Bargo_SCA,Re_sampled,,
NSW1006713,S46_2015-11-11,-34.32503,150.474264,Bargo_SCA,Bargo_SCA,Bargo_SCA,Re_sampled,,
NSW1006707,S46_2015-11-11,-34.324677,150.473635,Bargo_SCA,Bargo_SCA,Bargo_SCA,Re_sampled,,
NSW1006714,S46_2015-11-11,-34.325154,150.474102,Bargo_SCA,Bargo_SCA,Bargo_SCA,Re_sampled,,
NSW1006820,S46_2015-11-11,-34.325541,150.475165,Bargo_SCA,Bargo_SCA,Bargo_SCA,Re_sampled,,
NSW1021123,S249_2017-04-13,-33.401663,151.477588,Bateau_Bay,Bateau_Bay,Bateau_Bay,,,
NSW1021139,S249_2017-04-13,-33.400994,151.477404,Bateau_Bay,Bateau_Bay,Bateau_Bay,,,
NSW1021129,S249_2017-04-13,-33.401428,151.477685,Bateau_Bay,Bateau_Bay,Bateau_Bay,,,
NSW1021135,S249_2017-04-13,-33.400953,151.477753,Bateau_Bay,Bateau_Bay,Bateau_Bay,,,
NSW1021117,S249_2017-04-13,-33.401743,151.477528,Bateau_Bay,Bateau_Bay,Bateau_Bay,,,
NSW1021141,S249_2017-04-13,-33.400897,151.477311,Bateau_Bay,Bateau_Bay,Bateau_Bay,,,
NSW1006891,Wollemi_National_Park_2015-10-15,-33.49153,150.49847,Bilpin,Bilpin,Bilpin,,,
NSW1006893,Wollemi_National_Park_2015-10-15,-33.49162,150.49837,Bilpin,Bilpin,Bilpin,,,
NSW1006875,Wollemi_National_Park_2015-10-15,-33.49126,150.49774,Bilpin,Bilpin,Bilpin,,,
NSW1006757,Wollemi_National_Park_2015-10-17,-33.49137,150.49821,Bilpin,Bilpin,Bilpin,,,
NSW1006855,Wollemi_National_Park_2015-10-17,-33.49128,150.49748,Bilpin,Bilpin,Bilpin,,,
NSW933230,Wollemi_National_Park_2015-11-10,-33.49154,150.49832,Bilpin,Bilpin,Bilpin,,,
NSW1009774,S46_2016-04-19,-33.526151,151.399507,Bouddi_NP,Bouddi_NP,Bouddi_NP,Re_sampled,,
NSW1009806,S46_2016-04-19,-33.526174,151.399528,Bouddi_NP,Bouddi_NP,Bouddi_NP,Re_sampled,,
NSW1009832,S46_2016-04-19,-33.526092,151.399415,Bouddi_NP,Bouddi_NP,Bouddi_NP,Re_sampled,,
NSW1008925,S46_2016-04-19,-33.525981,151.399293,Bouddi_NP,Bouddi_NP,Bouddi_NP,Re_sampled,,
NSW1009801,S46_2016-04-19,-33.526477,151.400203,Bouddi_NP,Bouddi_NP,Bouddi_NP,Re_sampled,,
NSW1009817,S46_2016-04-19,-33.526488,151.400263,Bouddi_NP,Bouddi_NP,Bouddi_NP,,,
NSW1020339,S180_2017-03-29,-35.109122,150.660562,Bream_Beach,Bream_Beach,Bream_Beach,,,
NSW1020306,S180_2017-03-29,-35.108942,150.660501,Bream_Beach,Bream_Beach,Bream_Beach,,,
NSW1020318,S180_2017-03-29,-35.110239,150.661011,Bream_Beach,Bream_Beach,Bream_Beach,,,
NSW1020027,S180_2017-03-29,-35.108783,150.660215,Bream_Beach,Bream_Beach,Bream_Beach,,,
NSW1020309,S180_2017-03-29,-35.109102,150.660288,Bream_Beach,Bream_Beach,Bream_Beach,,,
NSW1020312,S180_2017-03-29,-35.109286,150.660371,Bream_Beach,Bream_Beach,Bream_Beach,,,
NSW932966,S34_2015-09-17,-33.407403,150.942395,Colo,Colo,Colo,,,
NSW932970,S34_2015-09-17,-33.407455,150.94244,Colo,Colo,Colo,,,
NSW932969,S34_2015-09-17,-33.407437,150.942434,Colo,Colo,Colo,,,
NSW932964,S34_2015-09-17,-33.407544,150.94269,Colo,Colo,Colo,,,
NSW933132,S34_2015-09-17,-33.407465,150.942465,Colo,Colo,Colo,,,
NSW932965,S34_2015-09-17,-33.407537,150.942683,Colo,Colo,Colo,,,
NSW1027022,S687_2017-08-18,-33.261418,150.641116,Colo_Heights_E,Colo_Heights_E,Colo_Heights_E,,,
NSW1027024,S687_2017-08-18,-33.261318,150.641461,Colo_Heights_E,Colo_Heights_E,Colo_Heights_E,,,
NSW1027025,S687_2017-08-18,-33.261308,150.641349,Colo_Heights_E,Colo_Heights_E,Colo_Heights_E,,,
NSW1027021,S687_2017-08-18,-33.261413,150.641271,Colo_Heights_E,Colo_Heights_E,Colo_Heights_E,,,
NSW1027020,S687_2017-08-18,-33.261756,150.643997,Colo_Heights_E,Colo_Heights_E,Colo_Heights_E,,,
NSW1027023,S687_2017-08-18,-33.261136,150.641339,Colo_Heights_E,Colo_Heights_E,Colo_Heights_E,,,
NSW1020486,S51_2016-12-16,-33.271672,150.590341,Colo_Heights_W,Colo_Heights_W,Colo_Heights_W,,,
NSW1020488,S51_2016-12-16,-33.271931,150.590019,Colo_Heights_W,Colo_Heights_W,Colo_Heights_W,,,
NSW1020485,S51_2016-12-16,-33.271453,150.590638,Colo_Heights_W,Colo_Heights_W,Colo_Heights_W,,,
NSW1020484,S51_2016-12-16,-33.271453,150.590638,Colo_Heights_W,Colo_Heights_W,Colo_Heights_W,,,
NSW1020487,S51_2016-12-16,-33.271797,150.590247,Colo_Heights_W,Colo_Heights_W,Colo_Heights_W,,,
NSW1020483,S51_2016-12-16,-33.271135,150.591141,Colo_Heights_W,Colo_Heights_W,Colo_Heights_W,,,
NSW1018189,S441_2017-05-27,-29.177472,153.39086,Evens_Head,Evens_Head,Evens_Head,,,
NSW1018164,S441_2017-05-27,-29.177418,153.390724,Evens_Head,Evens_Head,Evens_Head,,,
NSW1018129,S441_2017-05-27,-29.177207,153.390545,Evens_Head,Evens_Head,Evens_Head,,,
NSW1018154,S441_2017-05-27,-29.177547,153.390576,Evens_Head,Evens_Head,Evens_Head,,,
NSW1018216,S441_2017-05-27,-29.177452,153.390739,Evens_Head,Evens_Head,Evens_Head,,,
NSW1011113,S30_2016-03-18,-33.667834,150.544704,Faulconbridge,Faulconbridge,Faulconbridge,,,
NSW1011112,S30_2016-03-18,-33.667171,150.543464,Faulconbridge,Faulconbridge,Faulconbridge,,,
NSW1011102,S30_2016-03-18,-33.667013,150.543154,Faulconbridge,Faulconbridge,Faulconbridge,,,
NSW1011117,S30_2016-03-18,-33.667453,150.543864,Faulconbridge,Faulconbridge,Faulconbridge,,,
NSW1011084,S30_2016-03-18,-33.667456,150.54388,Faulconbridge,Faulconbridge,Faulconbridge,,,
NSW1011097,S30_2016-03-18,-33.667009,150.543191,Faulconbridge,Faulconbridge,Faulconbridge,,From_DB,From_site_names
NSW1008900,Heathcote_National_Park_2015-10-14,-34.18424,150.98,Garawarra,Garawarra,Garawarra,Re_sampled,Helensburgh,Garawarra
NSW1008921,Heathcote_National_Park_2015-10-14,-33.16944,150.99333,Garawarra,Garawarra,Garawarra,Re_sampled,Yengo,Garawarra
NSW1008926,Heathcote_National_Park_2015-10-14,-33.16936,150.99312,Garawarra,Garawarra,Garawarra,Re_sampled,Yengo,Garawarra
NSW1008916,Heathcote_National_Park_2015-10-14,-34.16938,150.99336,Garawarra,Garawarra,Garawarra,Re_sampled,Garawarra,Garawarra
NSW1008915,Heathcote_National_Park_2015-10-14,-34.16934,150.9931,Garawarra,Garawarra,Garawarra,Re_sampled,Garawarra,Garawarra
NSW1008910,Heathcote_National_Park_2015-10-14,-34.16959,150.99643,Garawarra,Garawarra,Garawarra,Re_sampled,Garawarra,Garawarra
NSW1008895,Heathcote_National_Park_2015-10-15,-34.18442,150.97971,Garawarra,Garawarra,Garawarra,Re_sampled,Helensburgh,Helensburgh
NSW1008880,Heathcote_National_Park_2015-10-15,-34.18495,150.97943,Garawarra,Garawarra,Garawarra,Re_sampled,Helensburgh,Helensburgh
NSW1008890,Heathcote_National_Park_2015-10-15,-34.18438,150.97983,Garawarra,Garawarra,Garawarra,Re_sampled,Helensburgh,Helensburgh
NSW1008885,Heathcote_National_Park_2015-10-15,-34.18463,150.97961,Garawarra,Garawarra,Garawarra,Re_sampled,Helensburgh,Helensburgh
NSW1008870,Heathcote_National_Park_2015-10-15,-34.18506,150.97903,Garawarra,Garawarra,Garawarra,Re_sampled,Helensburgh,Helensburgh
NSW1008839,Heathcote_National_Park_2015-10-15,-34.16956,150.99657,Garawarra,Garawarra,Garawarra,Re_sampled,Garawarra,Helensburgh
NSW1008889,Heathcote_National_Park_2015-10-15,-34.1694,150.99336,Garawarra,Garawarra,Garawarra,Re_sampled,Garawarra,Helensburgh
NSW1035794,S1914_2018-05-15,-29.830831,151.134407,Goonoowigal_SCA,Goonoowigal_SCA,Goonoowigal_SCA,,,
NSW1035800,S1914_2018-05-15,-29.830774,151.134039,Goonoowigal_SCA,Goonoowigal_SCA,Goonoowigal_SCA,,,
NSW1035798,S1914_2018-05-15,-29.830837,151.133928,Goonoowigal_SCA,Goonoowigal_SCA,Goonoowigal_SCA,,,
NSW1035805,S1914_2018-05-15,-29.83082,151.133759,Goonoowigal_SCA,Goonoowigal_SCA,Goonoowigal_SCA,,,
NSW1035804,S1914_2018-05-15,-29.830821,151.133263,Goonoowigal_SCA,Goonoowigal_SCA,Goonoowigal_SCA,,,
NSW1035803,S1914_2018-05-15,-29.830747,151.133112,Goonoowigal_SCA,Goonoowigal_SCA,Goonoowigal_SCA,,,
NSW1013361,S465_2017-05-28,-31.026029,153.025082,Hat_Head,Hat_Head,Hat_Head,,,
NSW1017675,S465_2017-05-28,-31.026494,153.025244,Hat_Head,Hat_Head,Hat_Head,,,
NSW1013391,S465_2017-05-28,-31.025579,153.025107,Hat_Head,Hat_Head,Hat_Head,,,
NSW1013381,S465_2017-05-28,-31.025915,153.024951,Hat_Head,Hat_Head,Hat_Head,,,
NSW1013346,S465_2017-05-28,-31.026152,153.025219,Hat_Head,Hat_Head,Hat_Head,,,
NSW1013396,S465_2017-05-28,-31.02575,153.025,Hat_Head,Hat_Head,Hat_Head,,,
NSW1009818,S82_2016-04-12,-32.642769,152.18852,Hawks_Nest,Hawks_Nest,Hawks_Nest,,,
NSW1009843,S82_2016-04-12,-32.642504,152.1892,Hawks_Nest,Hawks_Nest,Hawks_Nest,,,
NSW1009834,S82_2016-04-12,-32.642513,152.188906,Hawks_Nest,Hawks_Nest,Hawks_Nest,,,
NSW1009828,S82_2016-04-12,-32.642613,152.189308,Hawks_Nest,Hawks_Nest,Hawks_Nest,,,
NSW1008764,S82_2016-04-12,-32.642507,152.188998,Hawks_Nest,Hawks_Nest,Hawks_Nest,,,
NSW1009823,S82_2016-04-12,-32.642807,152.188751,Hawks_Nest,Hawks_Nest,Hawks_Nest,,,
NSW1013696,S324_2016-11-10,-33.794615,150.403657,Kings_Tableland,Kings_Tableland,Kings_Tableland,,,
NSW1014815,S324_2016-11-10,-33.794653,150.403853,Kings_Tableland,Kings_Tableland,Kings_Tableland,,,
NSW1013935,S324_2016-11-10,-33.794634,150.404106,Kings_Tableland,Kings_Tableland,Kings_Tableland,,,
NSW1014805,S324_2016-11-10,-33.794656,150.404349,Kings_Tableland,Kings_Tableland,Kings_Tableland,,,
NSW1013922,S324_2016-11-10,-33.794601,150.40416,Kings_Tableland,Kings_Tableland,Kings_Tableland,,,
NSW1014820,S324_2016-11-10,-33.794696,150.403435,Kings_Tableland,Kings_Tableland,Kings_Tableland,,,
NSW1010514,S244_2016-05-11,-34.037928,151.215155,Kurnell,Kurnell,Kurnell,,,
NSW1010487,S244_2016-05-11,-34.037474,151.215096,Kurnell,Kurnell,Kurnell,,,
NSW1010519,S244_2016-05-11,-34.037486,151.215556,Kurnell,Kurnell,Kurnell,,,
NSW1010529,S244_2016-05-11,-34.037702,151.215678,Kurnell,Kurnell,Kurnell,,,
NSW1010509,S244_2016-05-11,-34.037928,151.215155,Kurnell,Kurnell,Kurnell,,,
NSW1010524,S244_2016-05-11,-34.037469,151.215838,Kurnell,Kurnell,Kurnell,,,
NSW1006987,S43_2015-10-16,-33.791517,151.145788,Lane_Cove,Lane_Cove,Lane_Cove,Re_sampled,,
NSW1006920,S43_2015-10-16,-33.791791,151.145795,Lane_Cove,Lane_Cove,Lane_Cove,Re_sampled,,
NSW1006983,S43_2015-10-16,-33.791266,151.145707,Lane_Cove,Lane_Cove,Lane_Cove,Re_sampled,,
NSW1006912,S43_2015-10-16,-33.792562,151.145572,Lane_Cove,Lane_Cove,Lane_Cove,Re_sampled,,
NSW1006981,S43_2015-10-16,-33.792167,151.145446,Lane_Cove,Lane_Cove,Lane_Cove,Re_sampled,,
NSW932569,Blue_Mountains_National_Park_2015-06-11,-33.57976,150.36446,Mt_Banks,Mt_Banks,Mt_Banks,,,
NSW932564,Blue_Mountains_National_Park_2015-06-11,-33.5797,150.36427,Mt_Banks,Mt_Banks,Mt_Banks,,,
NSW932698,Blue_Mountains_National_Park_2015-06-11,-33.578855,150.36647,Mt_Banks,Mt_Banks,Mt_Banks,,,
NSW932693,Blue_Mountains_National_Park_2015-06-11,-33.57886,150.36638,Mt_Banks,Mt_Banks,Mt_Banks,,,
NSW932679,Blue_Mountains_National_Park_2015-06-11,-33.5798,150.36496,Mt_Banks,Mt_Banks,Mt_Banks,,,
NSW1015900,S232_2016-10-13,-33.542701,150.346044,Mt_Wilson,Mt_Wilson,Mt_Wilson,,,
NSW1015902,S232_2016-10-13,-33.54225,150.347496,Mt_Wilson,Mt_Wilson,Mt_Wilson,,,
NSW1015903,S232_2016-10-13,-33.54234,150.347402,Mt_Wilson,Mt_Wilson,Mt_Wilson,,,
NSW1015927,S232_2016-10-13,-33.542629,150.345878,Mt_Wilson,Mt_Wilson,Mt_Wilson,,,
NSW1015899,S232_2016-10-13,-33.542629,150.345878,Mt_Wilson,Mt_Wilson,Mt_Wilson,,,
NSW1015901,S232_2016-10-13,-33.542349,150.347378,Mt_Wilson,Mt_Wilson,Mt_Wilson,,,
NSW1020241,S159_2017-03-15,-33.193796,151.618438,Munmorah_SCA,Munmorah_SCA,Munmorah_SCA,,,
NSW1020239,S159_2017-03-15,-33.193766,151.618447,Munmorah_SCA,Munmorah_SCA,Munmorah_SCA,,,
NSW1019728,S159_2017-03-15,-33.196372,151.621327,Munmorah_SCA,Munmorah_SCA,Munmorah_SCA,,,
NSW1020237,S159_2017-03-15,-33.193434,151.618498,Munmorah_SCA,Munmorah_SCA,Munmorah_SCA,,,
NSW1020143,S159_2017-03-15,-33.194176,151.619569,Munmorah_SCA,Munmorah_SCA,Munmorah_SCA,,,
NSW1019731,S159_2017-03-15,-33.196284,151.62138,Munmorah_SCA,Munmorah_SCA,Munmorah_SCA,,,
NSW1021706,S321_2017-05-10,-30.540808,149.667227,Narrabri,Narrabri,Maude_crossing_Narrabri,Re_sampled,,
NSW1021700,S321_2017-05-10,-30.540739,149.666945,Narrabri,Narrabri,Maude_crossing_Narrabri,Re_sampled,,
NSW1021695,S321_2017-05-10,-30.541003,149.66687,Narrabri,Narrabri,Maude_crossing_Narrabri,Re_sampled,,
NSW1021705,S321_2017-05-10,-30.540808,149.667228,Narrabri,Narrabri,Maude_crossing_Narrabri,Re_sampled,,
NSW1021685,S321_2017-05-10,-30.541079,149.66776,Narrabri,Narrabri,Maude_crossing_Narrabri,Re_sampled,,
NSW1021690,S321_2017-05-10,-30.541162,149.668222,Narrabri,Narrabri,Maude_crossing_Narrabri,,,
NSW1008774,S21_2016-03-14,-33.818784,151.299358,North_Head,North_Head,North_Head,,,
NSW1009055,S21_2016-03-14,-33.819266,151.299249,North_Head,North_Head,North_Head,,,
NSW1009050,S21_2016-03-14,-33.819087,151.29919,North_Head,North_Head,North_Head,,,
NSW1009010,S21_2016-03-14,-33.81882,151.299149,North_Head,North_Head,North_Head,,,
NSW1009045,S21_2016-03-14,-33.819162,151.29919,North_Head,North_Head,North_Head,,,
NSW1009084,S21_2016-03-14,-33.819078,151.299855,North_Head,North_Head,North_Head,,,
NSW1017177,S50_2016-08-18,-33.68191,151.152294,North_Turramurra,North_Turramurra,North_Turramurra,,,
NSW1017172,S50_2016-08-18,-33.681997,151.152084,North_Turramurra,North_Turramurra,North_Turramurra,,,
NSW1017182,S50_2016-08-18,-33.681878,151.152295,North_Turramurra,North_Turramurra,North_Turramurra,,,
NSW1012031,S50_2016-08-18,-33.681839,151.152318,North_Turramurra,North_Turramurra,North_Turramurra,,,
NSW1017202,S50_2016-08-18,-33.681972,151.15213,North_Turramurra,North_Turramurra,North_Turramurra,,,
NSW1017187,S50_2016-08-18,-33.681992,151.152103,North_Turramurra,North_Turramurra,North_Turramurra,,,
NSW1011013,S37_2016-04-13,-33.59581,150.337221,Perrys_Lookdown,Perrys_Lookdown,Perrys_Lookdown,,,
NSW1010976,S37_2016-04-13,-33.595557,150.337882,Perrys_Lookdown,Perrys_Lookdown,Perrys_Lookdown,,,
NSW1010971,S37_2016-04-13,-33.595563,150.337349,Perrys_Lookdown,Perrys_Lookdown,Perrys_Lookdown,,,
NSW1010993,S37_2016-04-13,-33.595848,150.337205,Perrys_Lookdown,Perrys_Lookdown,Perrys_Lookdown,,,
NSW1010991,S37_2016-04-13,-33.595956,150.337199,Perrys_Lookdown,Perrys_Lookdown,Perrys_Lookdown,,,
NSW1010957,S37_2016-04-13,-33.595593,150.337802,Perrys_Lookdown,Perrys_Lookdown,Perrys_Lookdown,,,
NSW1021818,S303_2017-05-10,-31.014904,149.396217,Pilliga,Pilliga,Pilliga,Re_sampled,,
NSW1021828,S303_2017-05-10,-31.014823,149.396127,Pilliga,Pilliga,Pilliga,Re_sampled,,
NSW1021798,S303_2017-05-10,-31.014919,149.395897,Pilliga,Pilliga,Pilliga,Re_sampled,,
NSW1021793,S303_2017-05-10,-31.01498,149.395662,Pilliga,Pilliga,Pilliga,Re_sampled,,
NSW1021808,S303_2017-05-10,-31.014849,149.396227,Pilliga,Pilliga,Pilliga,Re_sampled,,
NSW1021803,S303_2017-05-10,-31.01472,149.395969,Pilliga,Pilliga,Pilliga,Re_sampled,,
NSW1020609,S138_2017-03-01,-32.8011,150.90337,Putty_&_Old_Bulga,Putty_&_Old_Bulga,Putty_&_Old_Bulga,Re_sampled,,
NSW1020611,S138_2017-03-01,-32.800939,150.903246,Putty_&_Old_Bulga,Putty_&_Old_Bulga,Putty_&_Old_Bulga,Re_sampled,,
NSW1020610,S138_2017-03-01,-32.801104,150.90338,Putty_&_Old_Bulga,Putty_&_Old_Bulga,Putty_&_Old_Bulga,Re_sampled,,
NSW1020620,S138_2017-03-01,-32.800723,150.903139,Putty_&_Old_Bulga,Putty_&_Old_Bulga,Putty_&_Old_Bulga,Re_sampled,,
NSW1020613,S138_2017-03-01,-32.80093,150.903159,Putty_&_Old_Bulga,Putty_&_Old_Bulga,Putty_&_Old_Bulga,Re_sampled,,
NSW1020614,S138_2017-03-01,-32.800916,150.903164,Putty_&_Old_Bulga,Putty_&_Old_Bulga,Putty_&_Old_Bulga,Re_sampled,,
NSW1027506,S2190_2018-06-20,-29.984536,153.219205,Red_Rock,Red_Rock,Red_Rock,,,
NSW1027503,S2190_2018-06-20,-29.984522,153.219173,Red_Rock,Red_Rock,Red_Rock,,,
NSW1027502,S2190_2018-06-20,-29.984742,153.219216,Red_Rock,Red_Rock,Red_Rock,,,
NSW1027505,S2190_2018-06-20,-29.985072,153.219354,Red_Rock,Red_Rock,Red_Rock,,,
NSW1027500,S2190_2018-06-20,-29.98492,153.219231,Red_Rock,Red_Rock,Red_Rock,,,
NSW1027501,S2190_2018-06-20,-29.985097,153.219288,Red_Rock,Red_Rock,Red_Rock,,,
NSW1027494,S2193_2018-06-20,-30.008704,153.21194,Red_Rock_Beach,Red_Rock_Beach,Red_Rock_Beach,,,
NSW1027491,S2193_2018-06-20,-30.00931,153.212388,Red_Rock_Beach,Red_Rock_Beach,Red_Rock_Beach,,,
NSW1027504,S2193_2018-06-20,-30.008567,153.211991,Red_Rock_Beach,Red_Rock_Beach,Red_Rock_Beach,,,
NSW1027490,S2193_2018-06-20,-30.008391,153.212038,Red_Rock_Beach,Red_Rock_Beach,Red_Rock_Beach,,,
NSW1027489,S2193_2018-06-20,-30.008944,153.212301,Red_Rock_Beach,Red_Rock_Beach,Red_Rock_Beach,,,
NSW1045513,S2322_2018-08-01,-36.832952,149.933578,Tura_Beach,Tura_Beach,Tura_Beach,Possibly_highly_imbred,,
NSW1045530,S2322_2018-08-01,-36.832801,149.933601,Tura_Beach,Tura_Beach,Tura_Beach,Possibly_highly_imbred,,
NSW1045520,S2322_2018-08-01,-36.831919,149.933831,Tura_Beach,Tura_Beach,Tura_Beach,Possibly_highly_imbred,,
NSW1045523,S2322_2018-08-01,-36.83242,149.933638,Tura_Beach,Tura_Beach,Tura_Beach,Possibly_highly_imbred,,
NSW1045524,S2322_2018-08-01,-36.832798,149.933635,Tura_Beach,Tura_Beach,Tura_Beach,Possibly_highly_imbred,,
NSW1045538,S2322_2018-08-01,-36.83315,149.933466,Tura_Beach,Tura_Beach,Tura_Beach,Possibly_highly_imbred,,
NSW1028250,S2337_2018-08-02,-35.370279,150.474024,Ulladulla,Ulladulla,Ulladulla,Possibly_highly_imbred,,
NSW1028245,S2337_2018-08-02,-35.37069,150.474056,Ulladulla,Ulladulla,Ulladulla,Possibly_highly_imbred,,
NSW1028229,S2337_2018-08-02,-35.370131,150.474003,Ulladulla,Ulladulla,Ulladulla,Possibly_highly_imbred,,
NSW1028248,S2337_2018-08-02,-35.369764,150.474188,Ulladulla,Ulladulla,Ulladulla,Possibly_highly_imbred,,
NSW1028228,S2337_2018-08-02,-35.370012,150.474228,Ulladulla,Ulladulla,Ulladulla,Possibly_highly_imbred,,
NSW1028234,S2337_2018-08-02,-35.370169,150.474055,Ulladulla,Ulladulla,Ulladulla,Possibly_highly_imbred,,
NSW1035785,S1917_2018-05-15,-29.575164,150.57897,Warialda,Warialda,Warialda,,,
NSW1035788,S1917_2018-05-15,-29.575324,150.578819,Warialda,Warialda,Warialda,,,
NSW1035796,S1917_2018-05-15,-29.575475,150.579194,Warialda,Warialda,Warialda,,,
NSW1035792,S1917_2018-05-15,-29.575376,150.578837,Warialda,Warialda,Warialda,,,
NSW1035783,S1917_2018-05-15,-29.575581,150.579029,Warialda,Warialda,Warialda,,,
NSW1035791,S1917_2018-05-15,-29.575583,150.579093,Warialda,Warialda,Warialda,,,
NSW1012565,S17_2016-07-21,-33.475156,150.776567,Wheeny_Creak,Wheeny_Creak,Wheeny_Creak,,,
NSW1012491,S17_2016-07-21,-33.475079,150.776897,Wheeny_Creak,Wheeny_Creak,Wheeny_Creak,,,
NSW1012290,S17_2016-07-21,-33.47542,150.777294,Wheeny_Creak,Wheeny_Creak,Wheeny_Creak,,,
NSW1012291,S17_2016-07-21,-33.475536,150.77731,Wheeny_Creak,Wheeny_Creak,Wheeny_Creak,,,
NSW1012490,S17_2016-07-21,-33.474914,150.776838,Wheeny_Creak,Wheeny_Creak,Wheeny_Creak,,,
NSW1012570,S17_2016-07-21,-33.475163,150.776562,Wheeny_Creak,Wheeny_Creak,Wheeny_Creak,,,
NSW1012329,S27_2016-03-18,-33.662607,150.611356,Winmalee,Winmalee,Winmalee,Re_sampled,,
NSW1012317,S27_2016-03-18,-33.66251,150.611193,Winmalee,Winmalee,Winmalee,Re_sampled,,
NSW1012316,S27_2016-03-18,-33.660812,150.614897,Winmalee,Winmalee,Winmalee,Re_sampled,,
NSW1012318,S27_2016-03-18,-33.661862,150.611507,Winmalee,Winmalee,Winmalee,Re_sampled,,
NSW1012330,S27_2016-03-18,-33.66073,150.615226,Winmalee,Winmalee,Winmalee,Re_sampled,,
NSW1012319,S27_2016-03-18,-33.660813,150.615524,Winmalee,Winmalee,Winmalee,Re_sampled,,
NSW1007434,Wooli_2015-11-10,-29.826948,153.272381,Wooli,Wooli,Wooli,,,
NSW1007645,Wooli_2015-11-10,-29.827401,153.272785,Wooli,Wooli,Wooli,,,
NSW1007435,Wooli_2015-11-10,-29.826968,153.272276,Wooli,Wooli,Wooli,,,
NSW1007643,Wooli_2015-11-10,-29.828001,153.27276,Wooli,Wooli,Wooli,,,
NSW1007431,Wooli_2015-11-10,-29.826948,153.272148,Wooli,Wooli,Wooli,,,
NSW1007647,Wooli_2015-11-10,-29.82778,153.272781,Wooli,Wooli,Wooli,,,
NSW1032225,S2709_2018-11-08,-28.905999,150.824964,Yetman,Yetman,Yetman,,,
NSW1034439,S2709_2018-11-08,-28.90593,150.824971,Yetman,Yetman,Yetman,,,
NSW1032224,S2709_2018-11-08,-28.905834,150.824959,Yetman,Yetman,Yetman,,,
NSW1032172,S2709_2018-11-08,-28.906168,150.825673,Yetman,Yetman,Yetman,,,
NSW1032166,S2709_2018-11-08,-28.90568,150.824963,Yetman,Yetman,Yetman,,,
NSW1035534,Bigge_Range_1987-10-31,-24.8872222,149.4722222,Bigge_Range_1987-10-31,,,Herbarium_Specimen?,,
NSW1035040,Blackmans_Mountain_1987-11-02,-31.3,149.05,Blackmans_Mountain_1987-11-02,,,Herbarium_Specimen?,,
NSW591103,Blue_Mountains_National_Park_2015-02-11,-33.78497,150.61218,Blue_Mountains_National_Park_2015-02-11,,,Herbarium_Specimen?,,
NSW1035046,Camden_Haven_1987-10-23,-31.6472222,152.8366667,Camden_Haven_1987-10-23,,,Herbarium_Specimen?,,
NSW1035031,Christmas_Bell_Plain_1987-11-05,-31.53422,152.86483,Christmas_Bell_Plain_1987-11-05,,,Herbarium_Specimen?,,
NSW1009857,Heathcote_National_Park_2016-03-18,-34.07523,151.00156,Heathcote_National_Park_2016-03-18,Heathcote,,Removed_-_four_samples_at_site,,
NSW1009860,Heathcote_National_Park_2016-03-18,-34.07519,151.00194,Heathcote_National_Park_2016-03-18,Heathcote,,Removed_-_four_samples_at_site,,
NSW1009859,Heathcote_National_Park_2016-03-18,-34.07525,151.00165,Heathcote_National_Park_2016-03-18,Heathcote,,Removed_-_four_samples_at_site,,
NSW1009855,Heathcote_National_Park_2016-03-18,-34.0753,151.00179,Heathcote_National_Park_2016-03-18,Heathcote,,Removed_-_four_samples_at_site,,
NSW1035045,Howell_1987-11-03,-29.95,151.02,Howell_1987-11-03,,,Herbarium_Specimen?,,
NSW1031641,Kurrajong_Heights_2007-10-01,-33.51888889,150.6202778,Kurrajong_Heights_2007-10-01,,,Herbarium_Specimen?,,
NSW1035036,Lakes_Way_1987-10-25,-32.2594444,152.5319444,Lakes_Way_1987-10-25,,,Herbarium_Specimen?,,
NSW1035529,Lookout_1987-11-06,-25.4930556,148.8138889,Lookout_1987-11-06,,,Herbarium_Specimen?,,
NSW1035539,Lost_Outcrop_1987-11-01,-28.6083,151.8411,Lost_Outcrop_1987-11-01,,,Herbarium_Specimen?,,
NSW1031639,Mountain_Lagoon_Fire_Trail_2008-04-01,-33.44694444,150.6425,Mountain_Lagoon_Fire_Trail_2008-04-01,,,Herbarium_Specimen?,,
NSW1024074,Mt_Banks_BATS_Plot_XB_2017-05-29,-33.57912,150.36555,Mt_Banks_2,Mt_Banks_2,,Removed_-_four_samples_at_site,,
NSW1023726,Mt_Banks_BATS_Plot_XB_2017-05-29,-33.57912,150.36555,Mt_Banks_2,Mt_Banks_2,,Removed_-_four_samples_at_site,,
NSW1023458,Mt_Banks_BATS_Plot_XB_2017-05-29,-33.57912,150.36555,Mt_Banks_2,Mt_Banks_2,,Removed_-_four_samples_at_site,,
NSW1023605,Mt_Banks_BATS_Plot_XB_2017-05-29,-33.57912,150.36555,Mt_Banks_2,Mt_Banks_2,,Removed_-_four_samples_at_site,,
NSW1031634,No_data_No_data,No_data,No_data,No_data_No_data,,,No_data,,
NSW1031635,No_data_No_data,No_data,No_data,No_data_No_data,,,No_data,,
NSW1031640,No_data_No_data,No_data,No_data,No_data_No_data,,,No_data,,
NSW1031646,No_data_No_data,No_data,No_data,No_data_No_data,,,No_data,,
NSW1035050,North_1987-10-29,-29.62,150.6,North_1987-10-29,,,Herbarium_Specimen?,,
NSW1035524,Pigeon_House_Range_1987-11-07,-35.07,150.13,Pigeon_House_Range_1987-11-07,,,Herbarium_Specimen?,,
NSW627629,Royal_National_Park_2015-01-22,-34.13878,151.119,Royal_National_Park_2015-01-22,,,Herbarium_Specimen?,,
NSW1026961,S1062_2017-12-19,-32.312777,149.981977,Goulburn_River_NP,,,Removed_-_three_samples_at_site,,
NSW1026946,S1062_2017-12-19,-32.314049,149.982183,Goulburn_River_NP,,,Removed_-_three_samples_at_site,,
NSW1026966,S1062_2017-12-19,-32.312614,149.982295,Goulburn_River_NP,,,Removed_-_three_samples_at_site,,
NSW933200,S13_2016-07-23,-33.785033,150.612546,Glenbrook,,,Missing_loci_data,,
NSW933199,S13_2016-07-23,-33.7851,150.612172,Glenbrook,,,Removed_-_two_samples_at_site,,
NSW933202,S13_2016-07-23,-33.784882,150.612281,Glenbrook,,,Removed_-_two_samples_at_site,,
NSW1014660,S202_2016-04-16,-31.630067,152.826836,North_Haven_Beach,,,Removed_-_two_samples_at_site,,
NSW1014615,S202_2016-04-16,-31.630228,152.826737,North_Haven_Beach,,,Missing_loci_data,,
NSW1014689,S202_2016-04-16,-31.630412,152.827014,North_Haven_Beach,,,Missing_loci_data,,
NSW1014694,S202_2016-04-16,-31.630411,152.827014,North_Haven_Beach,,,Missing_loci_data,,
NSW1014630,S202_2016-04-16,-31.630078,152.826405,North_Haven_Beach,,,Missing_loci_data,,
NSW1014620,S202_2016-04-16,-31.630132,152.826541,North_Haven_Beach,,,Missing_loci_data,,
NSW1020747,S291_2017-05-09,-31.284612,148.979435,Warambungles,,,Removed_-_two_samples_at_site,,
NSW1017952,S459_2017-05-27,-29.177119,153.390729,The_gap,,,Removed_-_one_samples_at_site,,
NSW1035544,Sassafras_1987-11-08,-35.0833,150.1417,Sassafras_1987-11-08,,,Herbarium_Specimen?,,
NSW1035025,Spotted_Gum_Fire_Trail_1987-10-26,-35.1333333,150.42,Spotted_Gum_Fire_Trail_1987-10-26,,,Herbarium_Specimen?,,
NSW1035549,Spyglass_Rock_1987-10-30,-24.8208333,147.1844444,Spyglass_Rock_1987-10-30,,,Herbarium_Specimen?,,
NSW1035041,Station_Creek_1987-10-24,-29.9197222,153.2625,Station_Creek_1987-10-24,,,Herbarium_Specimen?,,
NSW1035037,The_Summit_1987-10-27,-28.57,151.9,The_Summit_1987-10-27,,,Herbarium_Specimen?,,
NSW1035030,Tura_Beach_1987-10-22,-36.8,149.87,Tura_Beach_1987-10-22,,,Herbarium_Specimen?,,
NSW1035020,Tura_Beach_1987-10-28,-36.82,149.92,Tura_Beach_1987-10-28,,,Herbarium_Specimen?,,
NSW1176696,ab597fc1-52e3-4e79-86dd-b222187473c7,-31.0147028,149.3965165,Re_Pilliga,Re_Pilliga,,,,
NSW1145247,ab597fc1-52e3-4e79-86dd-b222187473c7,-31.0147861,149.3959835,Re_Pilliga,Re_Pilliga,,,,
NSW1145222,ab597fc1-52e3-4e79-86dd-b222187473c7,-31.0147626,149.395972,Re_Pilliga,Re_Pilliga,,,,
NSW1145252,ab597fc1-52e3-4e79-86dd-b222187473c7,-31.0147647,149.3959694,Re_Pilliga,Re_Pilliga,,,,
NSW1176694,ab597fc1-52e3-4e79-86dd-b222187473c7,-31.0146762,149.3953511,Re_Pilliga,Re_Pilliga,,,,
NSW1145253,ab597fc1-52e3-4e79-86dd-b222187473c7,-31.0146596,149.3952735,Re_Pilliga,Re_Pilliga,,,,
NSW1145248,ab597fc1-52e3-4e79-86dd-b222187473c7,-31.0146632,149.3952747,Re_Pilliga,Re_Pilliga,,,,
NSW1145258,ab597fc1-52e3-4e79-86dd-b222187473c7,-31.0144464,149.3952503,Re_Pilliga,Re_Pilliga,,,,
NSW1175600,ab597fc1-52e3-4e79-86dd-b222187473c7,-31.0144003,149.3952331,Re_Pilliga,Re_Pilliga,,,,
NSW1175596,ab597fc1-52e3-4e79-86dd-b222187473c7,-31.0150524,149.3957993,Re_Pilliga,Re_Pilliga,,,,
NSW1145263,ab597fc1-52e3-4e79-86dd-b222187473c7,-31.0150531,149.3957987,Re_Pilliga,Re_Pilliga,,,,
NSW1175347,0f0d40ef-2180-452c-8397-50a4fc93912d,-30.5406375,149.6669949,Re_Maude_crossing_Narrabri,Re_Maude_crossing_Narrabri,,,,
NSW1175346,0f0d40ef-2180-452c-8397-50a4fc93912d,-30.5408545,149.66714,Re_Maude_crossing_Narrabri,Re_Maude_crossing_Narrabri,,,,
NSW1175344,0f0d40ef-2180-452c-8397-50a4fc93912d,-30.5409202,149.6673117,Re_Maude_crossing_Narrabri,Re_Maude_crossing_Narrabri,,,,
NSW1175345,0f0d40ef-2180-452c-8397-50a4fc93912d,-30.5409224,149.6673172,Re_Maude_crossing_Narrabri,Re_Maude_crossing_Narrabri,,,,
NSW1145262,0f0d40ef-2180-452c-8397-50a4fc93912d,-30.5405996,149.6671838,Re_Maude_crossing_Narrabri,Re_Maude_crossing_Narrabri,,,,
NSW1145257,0f0d40ef-2180-452c-8397-50a4fc93912d,-30.5405996,149.6671838,Re_Maude_crossing_Narrabri,Re_Maude_crossing_Narrabri,,,,
NSW1145233,0f0d40ef-2180-452c-8397-50a4fc93912d,-30.540647,149.66734,Re_Maude_crossing_Narrabri,Re_Maude_crossing_Narrabri,,,,
NSW1145249,0f0d40ef-2180-452c-8397-50a4fc93912d,-30.540645,149.6672071,Re_Maude_crossing_Narrabri,Re_Maude_crossing_Narrabri,,,,
NSW1145250,0f0d40ef-2180-452c-8397-50a4fc93912d,-30.5404146,149.6669418,Re_Maude_crossing_Narrabri,Re_Maude_crossing_Narrabri,,,,
NSW1145238,0f0d40ef-2180-452c-8397-50a4fc93912d,-30.5403758,149.6667928,Re_Maude_crossing_Narrabri,Re_Maude_crossing_Narrabri,,,,
NSW1145256,0f0d40ef-2180-452c-8397-50a4fc93912d,-30.5403737,149.6665441,Re_Maude_crossing_Narrabri,Re_Maude_crossing_Narrabri,,,,
NSW1145243,0f0d40ef-2180-452c-8397-50a4fc93912d,-30.5403817,149.6665092,Re_Maude_crossing_Narrabri,Re_Maude_crossing_Narrabri,,,,
NSW1091272,8498f9f5-87f6-4678-b279-2f7adeb13014,-32.8012183,150.9033233,Re_Putty_&_Old_Bulga,Re_Putty_&_Old_Bulga,,,,
NSW1091292,8498f9f5-87f6-4678-b279-2f7adeb13014,-32.8009067,150.90322,Re_Putty_&_Old_Bulga,Re_Putty_&_Old_Bulga,,,,
NSW1091277,8498f9f5-87f6-4678-b279-2f7adeb13014,-32.80107,150.9035083,Re_Putty_&_Old_Bulga,Re_Putty_&_Old_Bulga,,,,
NSW1091282,8498f9f5-87f6-4678-b279-2f7adeb13014,-32.8009982,150.9035273,Re_Putty_&_Old_Bulga,Re_Putty_&_Old_Bulga,,,,
NSW1091287,8498f9f5-87f6-4678-b279-2f7adeb13014,-32.8009108,150.9035093,Re_Putty_&_Old_Bulga,Re_Putty_&_Old_Bulga,,,,
NSW1091262,8498f9f5-87f6-4678-b279-2f7adeb13014,-32.8006783,150.9034617,Re_Putty_&_Old_Bulga,Re_Putty_&_Old_Bulga,,,,
NSW1091257,8498f9f5-87f6-4678-b279-2f7adeb13014,-32.8010417,150.9039283,Re_Putty_&_Old_Bulga,Re_Putty_&_Old_Bulga,,,,
NSW1091256,8498f9f5-87f6-4678-b279-2f7adeb13014,-32.8007583,150.9038433,Re_Putty_&_Old_Bulga,Re_Putty_&_Old_Bulga,,,,
NSW1091261,8498f9f5-87f6-4678-b279-2f7adeb13014,-32.8004783,150.9032267,Re_Putty_&_Old_Bulga,Re_Putty_&_Old_Bulga,,,,
NSW1091271,8498f9f5-87f6-4678-b279-2f7adeb13014,-32.800285,150.9030117,Re_Putty_&_Old_Bulga,Re_Putty_&_Old_Bulga,,,,
NSW1091276,8498f9f5-87f6-4678-b279-2f7adeb13014,-32.8001928,150.9027293,Re_Putty_&_Old_Bulga,Re_Putty_&_Old_Bulga,,,,
NSW1091266,8498f9f5-87f6-4678-b279-2f7adeb13014,-32.8000583,150.9025517,Re_Putty_&_Old_Bulga,Re_Putty_&_Old_Bulga,,,,
NSW1091019,6135d96f-1e6f-4a8c-a382-64a565124d76,-33.66069304,150.6152477,Re_Winmalee,Re_Winmalee,,,,
NSW1091020,6135d96f-1e6f-4a8c-a382-64a565124d76,-33.66062691,150.6152168,Re_Winmalee,Re_Winmalee,,,,
NSW1091028,6135d96f-1e6f-4a8c-a382-64a565124d76,-33.66071261,150.6152281,Re_Winmalee,Re_Winmalee,,,,
NSW1091029,6135d96f-1e6f-4a8c-a382-64a565124d76,-33.66061103,150.6152083,Re_Winmalee,Re_Winmalee,,,,
NSW1091030,6135d96f-1e6f-4a8c-a382-64a565124d76,-33.6606689,150.6153889,Re_Winmalee,Re_Winmalee,,,,
NSW1091031,6135d96f-1e6f-4a8c-a382-64a565124d76,-33.66361204,150.6111668,Re_Winmalee,Re_Winmalee,,,,
NSW1023052,ddb40eff-2617-48db-872c-b6b518805198,-33.52405654,151.4000278,Re_Bouddi_NP,Re_Bouddi_NP,,,,
NSW1023070,ddb40eff-2617-48db-872c-b6b518805198,-33.52574034,151.3992206,Re_Bouddi_NP,Re_Bouddi_NP,,,,
NSW1023053,ddb40eff-2617-48db-872c-b6b518805198,-33.52587772,151.3994048,Re_Bouddi_NP,Re_Bouddi_NP,,,,
NSW1023069,ddb40eff-2617-48db-872c-b6b518805198,-33.52601677,151.3994731,Re_Bouddi_NP,Re_Bouddi_NP,,,,
NSW1023068,ddb40eff-2617-48db-872c-b6b518805198,-33.52658511,151.3999335,Re_Bouddi_NP,Re_Bouddi_NP,,,,
NSW1023066,ddb40eff-2617-48db-872c-b6b518805198,-33.52641537,151.4001497,Re_Bouddi_NP,Re_Bouddi_NP,,,,
NSW1023067,ddb40eff-2617-48db-872c-b6b518805198,-33.52689666,151.401128,Re_Bouddi_NP,Re_Bouddi_NP,,,,
NSW1023149,ddb40eff-2617-48db-872c-b6b518805198,-33.52689574,151.4011854,Re_Bouddi_NP,Re_Bouddi_NP,,,,
NSW1023148,ddb40eff-2617-48db-872c-b6b518805198,-33.52691741,151.4015562,Re_Bouddi_NP,Re_Bouddi_NP,,,,
NSW1023147,ddb40eff-2617-48db-872c-b6b518805198,-33.52693773,151.4016582,Re_Bouddi_NP,Re_Bouddi_NP,,,,
NSW1023031,ddb40eff-2617-48db-872c-b6b518805198,-33.5258809,151.3991033,Re_Bouddi_NP,Re_Bouddi_NP,,,,
NSW1023146,ddb40eff-2617-48db-872c-b6b518805198,-33.52589461,151.3989983,Re_Bouddi_NP,Re_Bouddi_NP,,,,
NSW1070240,da3252d0-4aa4-49d8-8de8-738c750baefb,-33.79223322,151.1455264,Re_Lane_Cove,Re_Lane_Cove,,,,
NSW1070235,da3252d0-4aa4-49d8-8de8-738c750baefb,-33.7922023,151.1454547,Re_Lane_Cove,Re_Lane_Cove,,,,
NSW1070230,da3252d0-4aa4-49d8-8de8-738c750baefb,-33.79222723,151.1453688,Re_Lane_Cove,Re_Lane_Cove,,,,
NSW1070225,da3252d0-4aa4-49d8-8de8-738c750baefb,-33.79219873,151.1454406,Re_Lane_Cove,Re_Lane_Cove,,,,
NSW1070220,da3252d0-4aa4-49d8-8de8-738c750baefb,-33.79222543,151.1453075,Re_Lane_Cove,Re_Lane_Cove,,,,
NSW1070221,da3252d0-4aa4-49d8-8de8-738c750baefb,-33.79212962,151.1450864,Re_Lane_Cove,Re_Lane_Cove,,,,
NSW1070226,da3252d0-4aa4-49d8-8de8-738c750baefb,-33.79242836,151.1453081,Re_Lane_Cove,Re_Lane_Cove,,,,
NSW1070222,da3252d0-4aa4-49d8-8de8-738c750baefb,-33.79242442,151.1452293,Re_Lane_Cove,Re_Lane_Cove,,,,
NSW1070231,da3252d0-4aa4-49d8-8de8-738c750baefb,-33.7917853,151.145216,Re_Lane_Cove,Re_Lane_Cove,,,,
NSW1070232,da3252d0-4aa4-49d8-8de8-738c750baefb,-33.79153174,151.1452877,Re_Lane_Cove,Re_Lane_Cove,,,,
NSW1070236,da3252d0-4aa4-49d8-8de8-738c750baefb,-33.79153832,151.1453203,Re_Lane_Cove,Re_Lane_Cove,,,,
NSW1070241,da3252d0-4aa4-49d8-8de8-738c750baefb,-33.79125124,151.1455985,Re_Lane_Cove,Re_Lane_Cove,,,,
NSW1145223,ce973fa5-917d-4a49-baa3-19cfdcf50e51,-34.3536959,150.5017371,Re_Bargo_SCA,Re_Bargo_SCA,,,,
NSW1145260,ce973fa5-917d-4a49-baa3-19cfdcf50e51,-34.3246046,150.4742524,Re_Bargo_SCA,Re_Bargo_SCA,,,,
NSW1145265,ce973fa5-917d-4a49-baa3-19cfdcf50e51,-34.3249347,150.4740027,Re_Bargo_SCA,Re_Bargo_SCA,,,,
NSW1145268,ce973fa5-917d-4a49-baa3-19cfdcf50e51,-34.3248878,150.4733017,Re_Bargo_SCA,Re_Bargo_SCA,,,,
NSW1091270,ce973fa5-917d-4a49-baa3-19cfdcf50e51,-34.3245865,150.4730713,Re_Bargo_SCA,Re_Bargo_SCA,,,,
NSW1091290,ce973fa5-917d-4a49-baa3-19cfdcf50e51,-34.324353,150.4734925,Re_Bargo_SCA,Re_Bargo_SCA,,,,
NSW1091279,ce973fa5-917d-4a49-baa3-19cfdcf50e51,-34.3247519,150.4741475,Re_Bargo_SCA,Re_Bargo_SCA,,,,
NSW1091268,ce973fa5-917d-4a49-baa3-19cfdcf50e51,-34.324851,150.4741704,Re_Bargo_SCA,Re_Bargo_SCA,,,,
NSW1145267,ce973fa5-917d-4a49-baa3-19cfdcf50e51,-34.3249819,150.4736518,Re_Bargo_SCA,Re_Bargo_SCA,,,,
NSW1091283,ce973fa5-917d-4a49-baa3-19cfdcf50e51,-34.3248542,150.4741657,Re_Bargo_SCA,Re_Bargo_SCA,,,,
NSW1091293,ce973fa5-917d-4a49-baa3-19cfdcf50e51,-34.325141,150.4741817,Re_Bargo_SCA,Re_Bargo_SCA,,,,
NSW1091298,be2866e0-646c-4140-a772-2ded77ebc6fa,-34.169472,150.9930562,Re_Garawarra,Re_Garawarra,,,,
NSW1091289,be2866e0-646c-4140-a772-2ded77ebc6fa,-34.1699908,150.9921638,Re_Garawarra,Re_Garawarra,,,,
NSW1091294,be2866e0-646c-4140-a772-2ded77ebc6fa,-34.1699908,150.9921638,Re_Garawarra,Re_Garawarra,,,,
NSW1091299,be2866e0-646c-4140-a772-2ded77ebc6fa,-34.1702428,150.9918756,Re_Garawarra,Re_Garawarra,,,,
NSW1091300,be2866e0-646c-4140-a772-2ded77ebc6fa,-34.1699715,150.9924366,Re_Garawarra,Re_Garawarra,,,,
NSW1091303,be2866e0-646c-4140-a772-2ded77ebc6fa,-34.169296,150.9931197,Re_Garawarra,Re_Garawarra,,,,
NSW1091304,be2866e0-646c-4140-a772-2ded77ebc6fa,-34.1692873,150.9937055,Re_Garawarra,Re_Garawarra,,,,
NSW1091301,be2866e0-646c-4140-a772-2ded77ebc6fa,-34.1694712,150.9955905,Re_Garawarra,Re_Garawarra,,,,
NSW1091306,be2866e0-646c-4140-a772-2ded77ebc6fa,-34.1695096,150.9959839,Re_Garawarra,Re_Garawarra,,,,
NSW1091302,be2866e0-646c-4140-a772-2ded77ebc6fa,-34.1694748,150.9955931,Re_Garawarra,Re_Garawarra,,,,
NSW1145255,ce973fa5-917d-4a49-baa3-19cfdcf50e51,,,Re_Bargo_SCA,Re_Bargo_SCA,,,,
NSW1091295,be2866e0-646c-4140-a772-2ded77ebc6fa,-34.1702428,150.9918756,Re_Garawarra,Re_Garawarra,,,,
NSW1091305,be2866e0-646c-4140-a772-2ded77ebc6fa,-34.169222,150.9942951,Re_Garawarra,Re_Garawarra,,,,
NSW1175597,ab597fc1-52e3-4e79-86dd-b222187473c7,,,Re_Pilliga,Re_Pilliga,,,,
NSW1023069_1,ddb40eff-2617-48db-872c-b6b518805198,-33.52601677,151.3994731,Re_Bouddi_NP,,,Duplicate,,
NSW1091268_1,ce973fa5-917d-4a49-baa3-19cfdcf50e51,-34.324851,150.4741704,Re_Bargo_SCA,,,Duplicate,,
NSW1023067_1,ddb40eff-2617-48db-872c-b6b518805198,-33.52689666,151.401128,Re_Bouddi_NP,,,Duplicate,,
NSW1145250_1,0f0d40ef-2180-452c-8397-50a4fc93912d,-30.5404146,149.6669418,Re_Maude_crossing_Narrabri,,,Duplicate,,
NSW100675711,,,,,,,,,
NSW102062011,,,,,,,,,
